<?xml version="1.0" encoding="UTF-8"?>
<beans xmlns="http://www.springframework.org/schema/beans"
	xmlns:xsi="http://www.w3.org/2001/XMLSchema-instance" 
	xmlns:aop="http://www.springframework.org/schema/aop"
	xmlns:context="http://www.springframework.org/schema/context"
	xmlns:jdbc="http://www.springframework.org/schema/jdbc" 
	xmlns:tx="http://www.springframework.org/schema/tx"
	xmlns:jpa="http://www.springframework.org/schema/data/jpa" 
	xmlns:task="http://www.springframework.org/schema/task"
	xmlns:jaxws="http://cxf.apache.org/jaxws"
	xmlns:soap="http://cxf.apache.org/bindings/soap"
	xsi:schemaLocation="
						http://www.springframework.org/schema/beans http://www.springframework.org/schema/beans/spring-beans.xsd
						http://www.springframework.org/schema/aop http://www.springframework.org/schema/aop/spring-aop.xsd
						http://www.springframework.org/schema/context http://www.springframework.org/schema/context/spring-context.xsd
						http://www.springframework.org/schema/jdbc http://www.springframework.org/schema/jdbc/spring-jdbc.xsd
						http://www.springframework.org/schema/tx http://www.springframework.org/schema/tx/spring-tx.xsd
						http://www.springframework.org/schema/data/jpa 
						http://www.springframework.org/schema/data/jpa/spring-jpa.xsd
						http://cxf.apache.org/bindings/soap 
						http://cxf.apache.org/schemas/configuration/soap.xsd
						http://cxf.apache.org/jaxws 
						http://cxf.apache.org/schemas/jaxws.xsd
						">
	
	<!-- 连接池 -->
	<bean id="dataSource" class="com.mchange.v2.c3p0.ComboPooledDataSource">
		<property name="driverClass" value="oracle.jdbc.driver.OracleDriver" />
		<property name="jdbcUrl" value="jdbc:oracle:thin:@192.168.80.10:1521:ORCL" />
		<property name="user" value="bos" />
		<property name="password" value="bos" />
	</bean>
	<!-- <bean id="dataSource" class="com.mchange.v2.c3p0.ComboPooledDataSource">
		<property name="driverClass" value="com.mysql.jdbc.Driver" />
		<property name="jdbcUrl" value="jdbc:mysql:///test" />
		<property name="user" value="root" />
		<property name="password" value="root" />
	</bean> -->
	
	<!-- spring整合JPA -->
	<bean id="entityManagerFactory"
		class="org.springframework.orm.jpa.LocalContainerEntityManagerFactoryBean">
		<property name="dataSource" ref="dataSource" />
		<!-- 指定扫描的包，存放实体类 -->
		<property name="packagesToScan" value="com.itheima.bos.domain" />
		<!-- 指定持久层提供者为Hibernate -->
		<property name="persistenceProvider">
			<bean class="org.hibernate.ejb.HibernatePersistence" />
		</property>
		<property name="jpaVendorAdapter">
			<bean class="org.springframework.orm.jpa.vendor.HibernateJpaVendorAdapter">
				<!-- 自动建表 -->
				<property name="generateDdl" value="true" />
				<property name="database" value="ORACLE" />
				<property name="databasePlatform" value="org.hibernate.dialect.Oracle10gDialect" />
				<property name="showSql" value="true" />
			</bean>
		</property>
		<property name="jpaDialect">
			<bean class="org.springframework.orm.jpa.vendor.HibernateJpaDialect" />
		</property>
	</bean>
	
	<!-- 事务管理器 -->
	<bean id="transactionManager" class="org.springframework.orm.jpa.JpaTransactionManager">
		<property name="entityManagerFactory" ref="entityManagerFactory" />
	</bean>
	
	<!-- 组件扫描 @Server @Controller @Repository -->
	<context:component-scan base-package="com.itheima.bos.service,com.itheima.bos.web"/>
	
	<!-- 事务注解支持 -->
	<tx:annotation-driven proxy-target-class="true" transaction-manager="transactionManager" />
	
	<!-- 整合 spring data jpa-->
	<jpa:repositories base-package="com.itheima.bos.dao" />
	
	<!-- 注册CRM服务的客户端代理对象，用于通过Webservice访问CRM服务 -->
	<jaxws:client id="crmClient" address="http://localhost:8081/crm/webservice/customer"
		serviceClass="com.itheima.crm.service.CustomerService"></jaxws:client>
	
	<bean id="orderServiceImpl" class="com.itheima.bos.service.take_delivery.impl.OrderServiceImpl"></bean>
	
	<!-- 注册订单服务 -->
	<jaxws:server id="orderService" address="/order">
		<jaxws:serviceBean>
			<ref bean="orderServiceImpl"/>
		</jaxws:serviceBean>
	</jaxws:server>
	
	<!-- 注册shiro框架的bean（过滤器） ,作用是创建shiro框架相关的一些过滤器，每个过滤器进行不同的权限校验-->
	<bean id="shiroFilter" class="org.apache.shiro.spring.web.ShiroFilterFactoryBean">
		<!-- 注入shiro框架核心对象，安全管理器 -->
		<property name="securityManager" ref="securityManager"/>
		<!-- 
			private String loginUrl;登录页面
   			private String successUrl;登录成功后跳转页面
   			private String unauthorizedUrl;权限不足时的提示页面
		 -->
		 <property name="loginUrl" value="/login.html"/>
		 <property name="successUrl" value="/index.html"/>
		 <property name="unauthorizedUrl" value="/unauthorized.html"/>
		 <!-- 指定URL拦截规则 -->
		 <property name="filterChainDefinitions">
		 	<!-- 
		 		authc:代表shiro框架提供的一个过滤器，这个过滤器用于判断当前用户是否已经完成认证，
		 				如果当前用户已经认证，就放行，如果当前用户没有认证，跳转到登录页面
		 		anon:代表shiro框架提供的一个过滤器，允许匿名访问
		 		perms:代表shiro框架提供的一个过滤器，用于进行权限校验的
		 	 -->
		 	<value>
		 		/css/* = anon
		 		/images/* = anon
		 		/js/** = anon
		 		/validatecode.jsp* = anon
		 		/userAction_login.action = anon
		 		/areaAction_pageQuery.action = perms["area"]
		 		/courierAction_delete.action = perms["courier:delete"]
		 		/shiro.jsp = anon
		 		/** = authc
		 	</value>
		 </property>
	</bean>
	
	<bean id="bosRealm" class="com.itheima.bos.realm.BosRealm"/>
	
	<!-- 注册安全管理器 -->
	<bean id="securityManager" class="org.apache.shiro.web.mgt.DefaultWebSecurityManager">
		<property name="realm" ref="bosRealm"/>
		<property name="cacheManager" ref="cacheManager"/>
	</bean>
	
	<!-- 注册缓存管理器对象 -->
	<bean id="cacheManager" class="org.apache.shiro.cache.ehcache.EhCacheManager">
		<!-- 注入ehcache的xml配置文件 -->
		<property name="cacheManagerConfigFile" value="classpath:ehcache.xml"/>
	</bean>
	
	<!-- 基于spring自动代理方式为Service类创建代理对象，实现权限控制 -->
	<bean class="org.springframework.aop.framework.autoproxy.DefaultAdvisorAutoProxyCreator" >
		<!-- 强制使用cglib方式创建代理对象 -->
		<property name="proxyTargetClass" value="true"/>
	</bean>
	
	<!-- 切面  = 切点+通知-->
	<bean class="org.apache.shiro.spring.security.interceptor.AuthorizationAttributeSourceAdvisor">
		<property name="securityManager" ref="securityManager" />
	</bean>
	
	<!-- 注册自定义任务对象 -->
	<bean id="myJob" class="com.itheima.bos.jobs.MailJob"></bean>
	
	<!-- 配置JobDetail，用于通过反射调用myJob -->
	<bean id="jobDetail" class="org.springframework.scheduling.quartz.MethodInvokingJobDetailFactoryBean">
		<!-- 注入目标对象 -->
		<property name="targetObject" ref="myJob"/>
		<!-- 注入目标方法 -->
		<property name="targetMethod" value="sendMail"/>
	</bean>
	
	<!-- 配置触发器，指定任务的触发时间 -->
	<bean id="myTrigger" class="org.springframework.scheduling.quartz.CronTriggerFactoryBean">
		<!-- 注入jobDetail -->
		<property name="jobDetail" ref="jobDetail"/>
		<!-- 通过表达式指定任务触发的时间 -->
		<property name="cronExpression">
			<value>0/10 * * * * ? 2099</value>
		</property>
	</bean>
	
	<!-- 调度工厂 -->
	<bean class="org.springframework.scheduling.quartz.SchedulerFactoryBean">
		<!-- 注入触发器，可以有多个 -->
		<property name="triggers">
			<list>
				<ref bean="myTrigger"/>
			</list>
		</property>
	</bean>
</beans>