{                                                      
	"total":100,	
	"rows":[ 
		{"id":"bg001","area":{"province":"北京","city":"北京","district":"朝阳区"},"addresskey":"朝阳北路","startnum":"1","endnum":"100","single":"0","position":"北京市朝阳区xx路1号-100号"},
		{"id":"bg001","area":{"province":"北京","city":"北京","district":"朝阳区"},"addresskey":"朝阳北路","startnum":"1","endnum":"100","single":"0","position":"北京市朝阳区xx路1号-100号"}
	]
}