[
		{ "id":"11", "pId":"0", "name":"基础数据"},
		{ "id":"111", "pId":"11", "name":"基础档案设置",  "page":"pages/base/archives.html"},
		{ "id":"112", "pId":"11", "name":"收派标准",  "page":"pages/base/standard.html"},
		{ "id":"113", "pId":"11", "name":"班车管理",  "page":"pages/base/vehicle.html"},
		{ "id":"114", "pId":"11", "name":"快递员设置/替班",  "page":"pages/base/courier.html"},
		{ "id":"115", "pId":"11", "name":"区域设置","page":"pages/base/area.html"},
		{ "id":"116", "pId":"11", "name":"管理分区", "page":"pages/base/sub_area.html"},
		{ "id":"117", "pId":"11", "name":"管理定区/调度排班","page":"pages/base/fixed_area.html"},
		{ "id":"118", "pId":"11", "name":"收派时间管理","page":"pages/base/take_time.html"},
		{ "id":"12", "pId":"0", "name":"受理"},
		{ "id":"121", "pId":"12", "name":"业务受理" ,"page":"pages/take_delivery/order.html"},
		{ "id":"122", "pId":"12", "name":"运单快速录入" ,"page":"pages/take_delivery/waybill_quick.html"},
		{ "id":"123", "pId":"12", "name":"运单录入" ,"page":"pages/take_delivery/waybill.html"},
		{ "id":"124", "pId":"12", "name":"运单导入" ,"page":"pages/take_delivery/waybill_import.html"},
		{ "id":"125", "pId":"12", "name":"运单管理" ,"page":"pages/take_delivery/waybill_manage.html"},
		{ "id":"126", "pId":"12", "name":"异调运单" ,"page":"pages/take_delivery/different_waybill.html"},
		{ "id":"127", "pId":"12", "name":"运单打印" ,"page":"pages/take_delivery/waybill_print.html"},
		{ "id":"13", "pId":"0", "name":"调度"},
		{ "id":"131", "pId":"13", "name":"查台转单","page":"pages/take_delivery/change_work_order.html"},
		{ "id":"132", "pId":"13", "name":"人工调度","page":"pages/take_delivery/dispatcher.html"},
		{ "id":"133", "pId":"13", "name":"取派调度监控","page":"pages/take_delivery/dispatcher_monitor.html"},
		{ "id":"134", "pId":"13", "name":"签收录入","page":"pages/take_delivery/sign_input.html"},
		{ "id":"135", "pId":"13", "name":"取消签收申请","page":"pages/take_delivery/sign_cancel.html"},
		{ "id":"136", "pId":"13", "name":"宣传任务","page":"pages/take_delivery/promotion.html"},
		{ "id":"14", "pId":"0", "name":"分拣管理"},
		{ "id":"141", "pId":"14", "name":"入库","page":"pages/transit/in_storage.html"},
		{ "id":"142", "pId":"14", "name":"出库","page":"pages/transit/out_storage.html"},
		{ "id":"143", "pId":"14", "name":"盘库","page":"pages/transit/make_storage.html"},
		{ "id":"144", "pId":"14", "name":"合包","page":"pages/transit/compose_package.html"},
		{ "id":"145", "pId":"14", "name":"到达时间录入","page":"pages/transit/arrive_time.html"},
		{ "id":"146", "pId":"14", "name":"出入库查询","page":"pages/transit/in_out_search.html"},
		{ "id":"147", "pId":"14", "name":"库存查询","page":"pages/transit/remain_search.html"},
		{ "id":"148", "pId":"14", "name":"合包查询","page":"pages/transit/package_search.html"}
]